ADC,Support,Wins,Total Games,Winrate
119,267,511,967,0.5284384694932782
222,161,115,228,0.5043859649122807
69,115,0,1,0.0
51,43,1794,3555,0.5046413502109705
119,40,961,1744,0.5510321100917431
29,267,461,889,0.5185601799775028
18,497,237,526,0.4505703422053232
51,154,17,37,0.4594594594594595
236,43,1492,3056,0.4882198952879581
21,412,821,1524,0.5387139107611548
115,267,14,26,0.5384615384615384
236,44,240,479,0.5010438413361169
29,89,439,760,0.5776315789473684
222,412,1651,3246,0.5086260012322859
51,161,296,591,0.5008460236886633
22,26,156,271,0.5756457564575646
51,412,3629,6981,0.519839564532302
96,40,397,707,0.5615275813295615
236,53,1586,3015,0.5260364842454395
498,497,2852,5955,0.4789252728799328
18,12,155,308,0.5032467532467533
51,432,1059,1948,0.5436344969199178
236,40,1728,3316,0.5211097708082026
67,432,461,947,0.48680042238648363
29,25,404,762,0.5301837270341208
51,267,1499,2926,0.5123034859876965
67,63,379,719,0.5271210013908206
21,89,693,1213,0.5713107996702391
119,412,1584,2873,0.5513400626522799
67,89,713,1452,0.49104683195592286
18,432,185,364,0.5082417582417582
119,53,657,1219,0.538966365873667
498,432,437,813,0.5375153751537516
222,201,501,953,0.5257082896117523
498,143,353,709,0.4978843441466855
429,201,183,369,0.4959349593495935
51,40,2174,4029,0.5395879870935716
29,53,492,888,0.5540540540540541
202,201,153,332,0.4608433734939759
17,25,4,14,0.2857142857142857
236,12,589,1180,0.49915254237288137
110,412,586,1135,0.5162995594713656
21,25,464,909,0.5104510451045104
236,201,1748,3515,0.4972972972972973
222,25,745,1464,0.5088797814207651
81,37,515,1047,0.4918815663801337
51,63,783,1507,0.5195753151957532
22,37,431,790,0.5455696202531646
126,412,2,9,0.2222222222222222
222,3,66,139,0.4748201438848921
236,89,1208,2334,0.517566409597258
222,43,573,1177,0.4868309260832625
15,497,126,286,0.4405594405594406
21,53,539,956,0.5638075313807531
22,1,73,167,0.437125748502994
236,412,3694,7294,0.5064436523169729
21,111,163,330,0.49393939393939396
21,16,253,456,0.5548245614035088
119,37,371,661,0.5612708018154312
51,25,1773,3304,0.5366222760290557
222,98,45,91,0.4945054945054945
67,201,604,1149,0.525674499564839
498,25,570,1131,0.5039787798408488
67,136,1,2,0.5
29,412,1093,2010,0.5437810945273632
236,117,1538,3038,0.5062541145490455
81,111,168,366,0.45901639344262296
110,53,288,527,0.5464895635673624
67,117,1124,2137,0.5259709873654657
222,53,998,1855,0.5380053908355795
22,16,386,775,0.49806451612903224
236,111,433,861,0.502903600464576
21,63,215,384,0.5598958333333334
81,89,504,1061,0.4750235626767201
29,117,741,1416,0.5233050847457628
119,99,140,270,0.5185185185185185
18,117,425,822,0.5170316301703163
119,25,470,871,0.539609644087256
67,412,2077,4101,0.5064618385759571
498,412,1541,3006,0.5126413838988689
22,63,344,643,0.5349922239502333
51,89,1284,2448,0.5245098039215687
222,497,516,1121,0.46030330062444247
81,117,572,1273,0.4493322859387274
67,43,749,1557,0.481053307642903
96,117,892,1641,0.5435709932967703
67,161,129,254,0.5078740157480315
429,3,20,47,0.425531914893617
81,412,1455,3155,0.4611727416798732
51,497,1080,2424,0.44554455445544555
236,25,1138,2240,0.5080357142857143
67,497,665,1414,0.47029702970297027
498,201,325,711,0.4571026722925457
22,497,438,915,0.4786885245901639
236,143,719,1438,0.5
67,53,1017,1903,0.534419337887546
498,21,25,52,0.4807692307692308
202,43,333,738,0.45121951219512196
67,99,206,465,0.443010752688172
81,16,506,1008,0.501984126984127
119,43,516,998,0.5170340681362725
81,25,568,1229,0.46216436126932464
498,89,525,1007,0.5213505461767627
51,14,60,128,0.46875
67,85,6,16,0.375
236,203,1,1,1.0
81,53,690,1461,0.4722792607802875
51,3,124,258,0.4806201550387597
236,69,1,4,0.25
51,143,884,1740,0.5080459770114942
18,201,222,443,0.5011286681715575
498,14,37,64,0.578125
202,99,101,263,0.3840304182509506
236,3,113,238,0.47478991596638653
51,53,1768,3369,0.5247848026120511
104,412,100,186,0.5376344086021505
18,25,298,654,0.45565749235474007
67,37,656,1230,0.5333333333333333
498,53,709,1358,0.5220913107511046
236,432,995,1921,0.5179593961478397
51,35,29,62,0.46774193548387094
21,117,322,603,0.5339966832504146
202,143,247,500,0.494
51,99,384,808,0.4752475247524752
236,16,979,1876,0.5218550106609808
15,16,128,245,0.5224489795918368
51,16,1029,1985,0.5183879093198992
498,267,511,1006,0.5079522862823062
15,89,174,332,0.5240963855421686
22,412,1264,2540,0.49763779527559054
119,201,263,560,0.46964285714285714
81,1,82,201,0.4079601990049751
222,89,753,1429,0.5269419174247726
96,412,316,584,0.541095890410959
498,117,595,1212,0.4909240924092409
21,40,301,559,0.5384615384615384
202,89,332,661,0.5022692889561271
429,412,669,1282,0.5218408736349454
22,161,118,227,0.5198237885462555
15,99,38,106,0.3584905660377358
22,25,507,1053,0.48148148148148145
81,201,398,862,0.4617169373549884
67,267,813,1622,0.501233045622688
29,16,354,651,0.543778801843318
85,412,45,99,0.45454545454545453
51,37,1094,2084,0.5249520153550864
51,1,195,386,0.5051813471502591
22,44,90,197,0.45685279187817257
51,117,1717,3346,0.5131500298864315
119,89,528,1040,0.5076923076923077
22,53,617,1197,0.5154553049289892
222,12,300,579,0.5181347150259067
67,16,777,1445,0.5377162629757786
222,117,941,1811,0.5196024295969078
22,143,393,825,0.4763636363636364
222,99,237,474,0.5
202,117,272,602,0.45182724252491696
222,37,568,1012,0.5612648221343873
22,12,225,430,0.5232558139534884
81,268,1,3,0.3333333333333333
29,26,125,209,0.5980861244019139
96,89,93,180,0.5166666666666667
81,99,178,442,0.40271493212669685
429,25,123,253,0.48616600790513836
222,16,504,939,0.536741214057508
202,53,408,810,0.5037037037037037
236,90,161,347,0.46397694524495675
81,40,772,1568,0.4923469387755102
202,37,252,498,0.5060240963855421
51,84,2,3,0.6666666666666666
222,432,354,697,0.5078909612625538
96,3,10,21,0.47619047619047616
22,117,728,1475,0.4935593220338983
18,412,793,1510,0.5251655629139073
67,17,33,71,0.4647887323943662
51,201,886,1699,0.5214832254267217
236,267,1443,2789,0.5173897454284689
222,26,123,272,0.4522058823529412
51,90,173,342,0.5058479532163743
104,37,23,57,0.40350877192982454
202,98,18,44,0.4090909090909091
222,21,24,49,0.4897959183673469
81,267,586,1314,0.4459665144596651
96,143,38,88,0.4318181818181818
61,35,1,2,0.5
110,432,146,298,0.4899328859060403
22,34,10,26,0.38461538461538464
202,25,350,768,0.4557291666666667
429,12,147,277,0.5306859205776173
236,98,60,119,0.5042016806722689
81,44,114,251,0.4541832669322709
15,90,17,34,0.5
67,1,126,244,0.5163934426229508
51,12,634,1215,0.5218106995884774
22,43,577,1254,0.46012759170653905
236,85,12,26,0.46153846153846156
21,12,190,361,0.5263157894736842
81,90,76,190,0.4
81,12,273,578,0.47231833910034604
236,99,361,685,0.527007299270073
236,63,763,1483,0.5144976399190829
67,14,36,68,0.5294117647058824
115,53,28,45,0.6222222222222222
202,48,4,11,0.36363636363636365
81,432,454,986,0.460446247464503
96,223,37,73,0.5068493150684932
202,16,229,441,0.5192743764172335
22,111,157,321,0.48909657320872274
202,412,737,1596,0.4617794486215539
22,14,36,52,0.6923076923076923
110,89,238,445,0.5348314606741573
67,78,41,92,0.44565217391304346
134,432,2,2,1.0
51,111,425,841,0.5053507728894173
18,98,20,34,0.5882352941176471
51,22,16,40,0.4
18,89,354,670,0.5283582089552239
21,43,277,564,0.49113475177304966
51,34,22,43,0.5116279069767442
202,63,206,396,0.5202020202020202
85,89,22,39,0.5641025641025641
22,89,520,1002,0.5189620758483033
29,44,81,156,0.5192307692307693
81,63,382,780,0.4897435897435897
15,412,368,756,0.48677248677248675
96,90,15,30,0.5
67,25,789,1537,0.5133376707872479
429,111,75,172,0.436046511627907
29,90,50,92,0.5434782608695652
51,59,6,13,0.46153846153846156
15,43,157,336,0.46726190476190477
110,63,118,242,0.48760330578512395
29,43,520,1000,0.52
29,111,159,272,0.5845588235294118
202,105,2,4,0.5
96,22,1,3,0.3333333333333333
18,16,238,422,0.5639810426540285
29,12,188,351,0.5356125356125356
81,17,31,67,0.4626865671641791
67,143,373,740,0.504054054054054
67,111,239,523,0.4569789674952199
161,67,1,1,1.0
110,21,22,44,0.5
110,143,164,315,0.5206349206349207
29,63,215,387,0.5555555555555556
202,40,397,764,0.5196335078534031
67,12,387,779,0.496790757381258
96,21,10,15,0.6666666666666666
81,26,144,287,0.5017421602787456
81,143,393,807,0.48698884758364314
51,57,556,1066,0.5215759849906192
51,223,265,527,0.5028462998102466
29,99,128,242,0.5289256198347108
15,35,2,5,0.4
202,267,284,599,0.4741235392320534
18,63,161,307,0.5244299674267101
110,25,250,493,0.5070993914807302
222,44,129,234,0.5512820512820513
202,111,80,231,0.3463203463203463
222,143,345,671,0.5141579731743666
29,201,329,593,0.554806070826307
18,90,28,68,0.4117647058823529
15,14,6,13,0.46153846153846156
110,44,46,85,0.5411764705882353
67,44,167,292,0.571917808219178
15,25,210,407,0.515970515970516
119,12,179,369,0.48509485094850946
51,44,249,494,0.5040485829959515
110,16,156,319,0.4890282131661442
115,25,21,41,0.5121951219512195
96,25,111,225,0.49333333333333335
15,201,120,253,0.4743083003952569
202,44,61,127,0.48031496062992124
104,25,49,97,0.5051546391752577
51,13,1,6,0.16666666666666666
18,54,28,48,0.5833333333333334
18,53,382,715,0.5342657342657343
15,1,31,65,0.47692307692307695
222,14,25,51,0.49019607843137253
110,117,288,543,0.5303867403314917
429,89,187,345,0.5420289855072464
202,161,62,126,0.49206349206349204
42,89,70,122,0.5737704918032787
42,412,76,175,0.4342857142857143
21,37,455,813,0.5596555965559655
21,90,58,114,0.5087719298245614
115,143,21,36,0.5833333333333334
222,40,982,1760,0.5579545454545455
429,143,47,114,0.41228070175438597
99,90,1,2,0.5
222,80,5,10,0.5
110,90,27,65,0.4153846153846154
429,16,84,156,0.5384615384615384
104,16,19,38,0.5
22,90,88,168,0.5238095238095238
119,78,11,28,0.39285714285714285
51,26,293,576,0.5086805555555556
22,21,80,163,0.49079754601226994
115,223,7,9,0.7777777777777778
222,111,238,491,0.4847250509164969
67,40,1305,2470,0.52834008097166
236,48,18,45,0.4
115,90,7,15,0.4666666666666667
429,53,267,506,0.5276679841897233
429,90,9,28,0.32142857142857145
21,143,260,496,0.5241935483870968
103,412,9,10,0.9
51,134,9,24,0.375
119,90,48,104,0.46153846153846156
21,267,253,511,0.49510763209393344
67,223,142,299,0.47491638795986624
21,1,61,133,0.45864661654135336
236,37,948,1741,0.5445146467547387
110,161,50,88,0.5681818181818182
15,267,123,247,0.4979757085020243
67,27,1,3,0.3333333333333333
202,223,69,160,0.43125
115,40,19,35,0.5428571428571428
42,267,29,53,0.5471698113207547
51,92,3,7,0.42857142857142855
21,17,29,56,0.5178571428571429
110,43,233,519,0.4489402697495183
29,40,688,1284,0.5358255451713395
42,111,13,23,0.5652173913043478
119,16,396,776,0.5103092783505154
222,267,596,1107,0.5383920505871725
81,43,727,1553,0.46812620734063104
22,267,491,961,0.5109261186264308
29,54,16,42,0.38095238095238093
236,223,213,446,0.47757847533632286
115,1,3,6,0.5
222,63,308,613,0.5024469820554649
29,10,4,13,0.3076923076923077
81,54,35,76,0.4605263157894737
67,103,3,6,0.5
42,25,47,90,0.5222222222222223
119,81,3,7,0.42857142857142855
15,111,71,138,0.5144927536231884
110,57,84,186,0.45161290322580644
3,111,0,1,0.0
157,25,4,8,0.5
110,267,205,420,0.4880952380952381
222,78,40,80,0.5
202,54,16,41,0.3902439024390244
22,99,179,361,0.49584487534626037
96,43,235,454,0.5176211453744494
29,20,15,26,0.5769230769230769
119,143,270,492,0.5487804878048781
15,12,97,181,0.5359116022099447
22,201,418,826,0.5060532687651331
81,223,98,244,0.4016393442622951
18,111,106,232,0.45689655172413796
222,1,100,209,0.4784688995215311
202,12,143,297,0.48148148148148145
29,432,270,523,0.5162523900573613
81,427,4,11,0.36363636363636365
157,53,15,23,0.6521739130434783
21,98,24,50,0.48
104,267,35,64,0.546875
222,10,14,21,0.6666666666666666
21,78,24,40,0.6
81,45,50,109,0.45871559633027525
67,105,2,2,1.0
81,24,2,4,0.5
67,6,1,4,0.25
222,154,3,12,0.25
67,268,0,5,0.0
22,85,4,8,0.5
81,14,37,63,0.5873015873015873
15,143,98,189,0.5185185185185185
236,26,311,547,0.5685557586837294
21,223,73,134,0.5447761194029851
67,26,167,340,0.49117647058823527
30,79,1,1,1.0
133,412,30,73,0.410958904109589
15,76,3,4,0.75
236,34,27,46,0.5869565217391305
104,89,104,184,0.5652173913043478
29,37,349,595,0.5865546218487395
429,44,34,69,0.4927536231884058
15,63,77,146,0.5273972602739726
222,54,41,85,0.4823529411764706
119,63,241,450,0.5355555555555556
236,54,56,107,0.5233644859813084
42,16,23,54,0.42592592592592593
18,1,54,113,0.4778761061946903
18,40,415,802,0.5174563591022444
21,432,201,415,0.4843373493975904
222,223,143,300,0.4766666666666667
42,43,26,47,0.5531914893617021
202,45,22,53,0.41509433962264153
42,53,37,77,0.4805194805194805
42,37,26,46,0.5652173913043478
42,117,19,49,0.3877551020408163
236,78,61,122,0.5
15,161,32,66,0.48484848484848486
236,1,168,380,0.4421052631578947
51,54,71,124,0.5725806451612904
42,44,13,26,0.5
15,44,38,68,0.5588235294117647
18,223,58,123,0.4715447154471545
42,201,21,48,0.4375
81,127,1,3,0.3333333333333333
81,11,0,2,0.0
4,25,5,11,0.45454545454545453
222,31,9,17,0.5294117647058824
96,37,106,204,0.5196078431372549
15,37,147,267,0.550561797752809
15,53,196,364,0.5384615384615384
104,111,13,30,0.43333333333333335
236,17,73,136,0.5367647058823529
412,53,8,24,0.3333333333333333
81,136,2,5,0.4
21,201,234,449,0.5211581291759465
67,98,47,98,0.47959183673469385
236,10,12,42,0.2857142857142857
18,43,274,583,0.4699828473413379
22,432,356,702,0.5071225071225072
222,20,17,40,0.425
21,14,28,53,0.5283018867924528
110,54,23,39,0.5897435897435898
4,89,4,10,0.4
42,432,16,38,0.42105263157894735
22,203,0,1,0.0
96,161,14,39,0.358974358974359
202,61,2,8,0.25
42,143,18,35,0.5142857142857142
236,14,87,141,0.6170212765957447
82,89,2,5,0.4
104,143,10,30,0.3333333333333333
103,37,0,3,0.0
22,223,115,250,0.46
81,33,3,6,0.5
42,40,69,121,0.5702479338842975
15,117,192,382,0.5026178010471204
110,201,134,260,0.5153846153846153
42,54,2,5,0.4
429,432,78,158,0.4936708860759494
119,98,23,49,0.46938775510204084
104,53,77,149,0.5167785234899329
429,17,4,10,0.4
203,111,0,3,0.0
104,201,25,58,0.43103448275862066
18,37,239,477,0.5010482180293501
29,106,9,17,0.5294117647058824
119,1,72,144,0.5
429,40,159,289,0.5501730103806228
202,26,76,158,0.4810126582278481
110,40,250,461,0.5422993492407809
203,89,4,7,0.5714285714285714
429,117,152,303,0.5016501650165016
104,432,19,35,0.5428571428571428
15,40,259,470,0.551063829787234
133,432,11,19,0.5789473684210527
96,12,52,111,0.46846846846846846
18,267,274,540,0.5074074074074074
222,58,1,3,0.3333333333333333
22,81,8,11,0.7272727272727273
42,63,11,25,0.44
51,78,63,132,0.4772727272727273
236,35,20,48,0.4166666666666667
18,61,7,17,0.4117647058823529
81,78,31,67,0.4626865671641791
133,37,10,27,0.37037037037037035
236,64,12,27,0.4444444444444444
18,106,3,6,0.5
42,98,2,4,0.5
104,12,21,38,0.5526315789473685
236,59,7,15,0.4666666666666667
18,44,62,112,0.5535714285714286
203,1,1,2,0.5
429,98,9,23,0.391304347826087
21,99,151,314,0.48089171974522293
51,98,76,154,0.4935064935064935
15,432,100,228,0.43859649122807015
222,106,16,32,0.5
81,9,50,111,0.45045045045045046
82,117,0,1,0.0
21,54,54,105,0.5142857142857142
6,53,7,15,0.4666666666666667
18,143,154,300,0.5133333333333333
96,9,11,20,0.55
42,26,6,12,0.5
110,223,48,103,0.46601941747572817
4,12,2,3,0.6666666666666666
29,223,80,159,0.5031446540880503
67,7,7,10,0.7
429,99,28,63,0.4444444444444444
110,111,73,141,0.5177304964539007
51,81,13,25,0.52
67,10,23,54,0.42592592592592593
203,201,2,3,0.6666666666666666
15,98,17,33,0.5151515151515151
42,223,10,13,0.7692307692307693
203,412,4,7,0.5714285714285714
104,223,7,14,0.5
82,201,0,2,0.0
18,7,4,6,0.6666666666666666
429,54,21,39,0.5384615384615384
82,106,1,1,1.0
15,223,34,73,0.4657534246575342
21,20,9,19,0.47368421052631576
110,26,54,95,0.5684210526315789
429,223,39,92,0.42391304347826086
85,1,4,5,0.8
18,36,1,7,0.14285714285714285
110,37,188,365,0.5150684931506849
203,157,1,1,1.0
67,79,43,76,0.5657894736842105
82,40,3,5,0.6
119,9,43,76,0.5657894736842105
29,98,19,41,0.4634146341463415
104,99,7,14,0.5
119,111,159,292,0.5445205479452054
67,106,7,13,0.5384615384615384
82,111,2,4,0.5
133,89,34,53,0.6415094339622641
42,99,9,22,0.4090909090909091
22,45,49,98,0.5
67,20,14,34,0.4117647058823529
82,412,15,25,0.6
82,267,1,1,1.0
6,54,1,4,0.25
104,1,16,31,0.5161290322580645
22,40,743,1353,0.549150036954915
4,111,2,4,0.5
18,32,4,6,0.6666666666666666
104,9,2,5,0.4
42,1,5,12,0.4166666666666667
222,79,35,64,0.546875
133,201,14,26,0.5384615384615384
51,79,80,165,0.48484848484848486
119,69,2,2,1.0
110,12,102,188,0.5425531914893617
133,17,0,1,0.0
22,74,5,8,0.625
119,7,4,5,0.8
22,20,13,32,0.40625
222,127,2,4,0.5
104,40,77,150,0.5133333333333333
104,43,15,30,0.5
17,89,12,21,0.5714285714285714
22,64,5,12,0.4166666666666667
42,6,0,1,0.0
126,99,0,3,0.0
104,268,0,1,0.0
18,268,0,1,0.0
51,10,20,48,0.4166666666666667
15,26,36,89,0.4044943820224719
51,31,6,15,0.4
96,53,137,234,0.5854700854700855
133,12,7,18,0.3888888888888889
18,99,97,188,0.5159574468085106
22,17,28,61,0.45901639344262296
222,9,35,75,0.4666666666666667
104,20,3,4,0.75
51,20,39,76,0.5131578947368421
104,50,1,2,0.5
96,44,25,40,0.625
150,143,0,1,0.0
96,1,16,35,0.45714285714285713
96,79,7,13,0.5384615384615384
18,115,3,11,0.2727272727272727
18,26,54,108,0.5
104,2,0,1,0.0
104,44,10,18,0.5555555555555556
119,17,33,51,0.6470588235294118
81,101,9,17,0.5294117647058824
18,20,9,27,0.3333333333333333
110,1,41,61,0.6721311475409836
96,16,154,288,0.5347222222222222
81,106,4,13,0.3076923076923077
51,106,15,28,0.5357142857142857
133,43,18,34,0.5294117647058824
17,40,2,11,0.18181818181818182
21,7,2,4,0.5
236,9,109,209,0.5215311004784688
81,76,2,6,0.3333333333333333
15,20,6,10,0.6
51,9,111,211,0.5260663507109005
236,83,0,4,0.0
133,25,22,55,0.4
104,64,1,2,0.5
67,19,0,3,0.0
67,23,1,2,0.5
51,76,11,34,0.3235294117647059
157,40,4,8,0.5
236,497,1161,2484,0.4673913043478261
22,79,23,57,0.40350877192982454
498,40,661,1309,0.5049656226126814
222,238,1,1,1.0
236,61,25,43,0.5813953488372093
67,3,56,109,0.5137614678899083
157,12,3,9,0.3333333333333333
202,497,252,594,0.42424242424242425
16,497,0,2,0.0
21,61,8,20,0.4
498,16,418,820,0.5097560975609756
115,89,32,56,0.5714285714285714
104,497,12,30,0.4
498,161,114,213,0.5352112676056338
81,57,218,417,0.5227817745803357
51,17,79,145,0.5448275862068965
133,223,2,7,0.2857142857142857
236,161,258,500,0.516
67,57,232,468,0.49572649572649574
21,9,23,48,0.4791666666666667
498,37,440,802,0.5486284289276808
498,43,642,1323,0.4852607709750567
498,54,33,65,0.5076923076923077
498,63,300,587,0.5110732538330494
236,21,59,126,0.46825396825396826
119,117,542,1052,0.5152091254752852
29,143,266,466,0.5708154506437768
7,37,1,1,1.0
498,111,189,386,0.4896373056994819
67,45,61,138,0.4420289855072464
236,57,449,877,0.5119726339794755
67,126,1,2,0.5
21,86,2,5,0.4
119,497,363,758,0.4788918205804749
22,57,186,373,0.49865951742627346
202,432,214,455,0.4703296703296703
429,37,85,158,0.5379746835443038
21,157,3,3,1.0
96,10,4,8,0.5
96,111,31,62,0.5
51,30,2,9,0.2222222222222222
110,99,72,181,0.39779005524861877
96,163,4,5,0.8
67,163,11,20,0.55
67,69,0,2,0.0
236,45,105,202,0.5198019801980198
51,69,3,10,0.3
29,113,6,16,0.375
21,163,9,16,0.5625
67,35,9,25,0.36
22,35,11,19,0.5789473684210527
110,35,3,7,0.42857142857142855
429,497,156,337,0.4629080118694362
22,69,4,4,1.0
110,45,17,39,0.4358974358974359
67,32,2,9,0.2222222222222222
96,201,128,227,0.5638766519823789
110,69,2,4,0.5
18,9,18,41,0.43902439024390244
236,202,2,5,0.4
202,57,109,232,0.4698275862068966
21,497,307,650,0.4723076923076923
498,90,66,149,0.4429530201342282
498,223,97,199,0.48743718592964824
202,103,5,7,0.7142857142857143
498,99,172,360,0.4777777777777778
51,45,119,240,0.49583333333333335
222,17,36,68,0.5294117647058824
51,107,2,5,0.4
110,497,176,394,0.4467005076142132
51,21,54,125,0.432
29,497,352,737,0.47761194029850745
236,106,13,39,0.3333333333333333
203,267,0,2,0.0
115,497,22,41,0.5365853658536586
119,26,134,216,0.6203703703703703
85,432,12,27,0.4444444444444444
81,497,471,1160,0.4060344827586207
498,9,41,81,0.5061728395061729
81,134,7,12,0.5833333333333334
67,101,11,21,0.5238095238095238
21,161,79,143,0.5524475524475524
81,3,52,121,0.4297520661157025
18,163,8,13,0.6153846153846154
236,113,28,52,0.5384615384615384
18,79,18,43,0.4186046511627907
18,164,2,6,0.3333333333333333
236,36,4,10,0.4
96,267,184,344,0.5348837209302325
236,79,99,174,0.5689655172413793
18,21,14,27,0.5185185185185185
115,57,10,20,0.5
42,12,17,36,0.4722222222222222
81,79,36,65,0.5538461538461539
29,78,11,18,0.6111111111111112
236,427,3,14,0.21428571428571427
29,161,66,129,0.5116279069767442
119,44,91,148,0.6148648648648649
236,20,27,47,0.574468085106383
119,10,8,16,0.5
81,64,10,18,0.5555555555555556
236,68,0,3,0.0
22,115,7,16,0.4375
104,161,8,15,0.5333333333333333
18,222,1,1,1.0
202,1,56,102,0.5490196078431373
429,14,14,28,0.5
22,78,22,42,0.5238095238095238
133,40,11,24,0.4583333333333333
498,57,204,399,0.5112781954887218
22,98,29,50,0.58
498,106,3,11,0.2727272727272727
22,163,16,26,0.6153846153846154
29,101,10,16,0.625
498,17,35,75,0.4666666666666667
61,54,2,3,0.6666666666666666
236,127,2,5,0.4
29,3,41,70,0.5857142857142857
6,14,1,2,0.5
51,104,2,3,0.6666666666666666
79,201,0,1,0.0
34,432,2,2,1.0
81,105,2,2,1.0
202,3,39,74,0.527027027027027
110,9,12,34,0.35294117647058826
429,1,22,57,0.38596491228070173
202,163,8,18,0.4444444444444444
133,53,29,51,0.5686274509803921
85,53,24,46,0.5217391304347826
119,432,338,593,0.5699831365935919
99,53,2,4,0.5
119,14,24,46,0.5217391304347826
67,21,39,64,0.609375
236,420,4,16,0.25
110,17,14,29,0.4827586206896552
236,163,16,46,0.34782608695652173
67,157,5,8,0.625
81,98,36,76,0.47368421052631576
81,161,122,297,0.4107744107744108
51,27,3,8,0.375
119,115,5,8,0.625
21,22,11,19,0.5789473684210527
104,90,1,4,0.25
74,412,5,8,0.625
85,161,5,9,0.5555555555555556
21,57,127,249,0.5100401606425703
85,143,12,25,0.48
51,163,32,70,0.45714285714285713
429,161,19,37,0.5135135135135135
498,78,23,45,0.5111111111111111
29,79,18,42,0.42857142857142855
498,12,261,539,0.4842300556586271
222,90,58,125,0.464
498,76,5,17,0.29411764705882354
432,89,1,2,0.5
18,161,44,106,0.41509433962264153
157,117,7,11,0.6363636363636364
119,34,13,23,0.5652173913043478
17,63,7,12,0.5833333333333334
17,432,5,14,0.35714285714285715
96,26,33,62,0.532258064516129
202,79,17,36,0.4722222222222222
85,267,23,35,0.6571428571428571
96,63,58,119,0.48739495798319327
222,32,5,12,0.4166666666666667
63,412,1,1,1.0
81,21,36,73,0.4931506849315068
81,164,11,18,0.6111111111111112
6,267,3,10,0.3
115,63,17,28,0.6071428571428571
21,113,12,27,0.4444444444444444
61,412,2,2,1.0
67,115,5,10,0.5
236,91,1,2,0.5
67,74,4,7,0.5714285714285714
119,161,78,152,0.5131578947368421
74,26,0,1,0.0
51,60,2,11,0.18181818181818182
17,53,11,31,0.3548387096774194
236,41,5,9,0.5555555555555556
96,20,6,11,0.5454545454545454
67,48,10,21,0.47619047619047616
119,223,69,153,0.45098039215686275
18,64,2,12,0.16666666666666666
236,115,9,18,0.5
81,163,16,31,0.5161290322580645
51,64,11,29,0.3793103448275862
29,48,6,13,0.46153846153846156
51,80,16,24,0.6666666666666666
18,45,20,38,0.5263157894736842
115,37,20,33,0.6060606060606061
18,3,25,55,0.45454545454545453
69,111,1,4,0.25
96,157,1,1,1.0
236,13,1,4,0.25
4,432,3,10,0.3
96,497,112,245,0.45714285714285713
236,164,13,32,0.40625
236,101,27,48,0.5625
85,63,22,39,0.5641025641025641
85,43,32,59,0.5423728813559322
51,101,30,70,0.42857142857142855
119,427,1,4,0.25
6,40,6,13,0.46153846153846156
29,164,1,4,0.25
133,16,17,26,0.6538461538461539
115,12,16,29,0.5517241379310345
236,74,6,19,0.3157894736842105
157,54,5,10,0.5
202,420,2,5,0.4
81,80,2,8,0.25
67,9,45,94,0.4787234042553192
429,420,1,4,0.25
15,45,15,36,0.4166666666666667
51,268,0,3,0.0
133,117,22,40,0.55
236,76,6,13,0.46153846153846156
202,78,20,34,0.5882352941176471
119,76,6,11,0.5454545454545454
18,427,2,7,0.2857142857142857
498,79,45,83,0.5421686746987951
22,3,45,89,0.5056179775280899
67,90,86,179,0.48044692737430167
22,420,2,6,0.3333333333333333
119,106,5,12,0.4166666666666667
222,48,6,15,0.4
498,84,1,3,0.3333333333333333
202,101,11,22,0.5
67,134,4,9,0.4444444444444444
202,90,48,102,0.47058823529411764
110,36,2,4,0.5
81,20,8,23,0.34782608695652173
21,10,9,24,0.375
202,21,22,50,0.44
22,9,50,89,0.5617977528089888
203,63,2,5,0.4
222,113,19,36,0.5277777777777778
498,10,8,17,0.47058823529411764
67,34,14,29,0.4827586206896552
18,78,8,25,0.32
96,58,0,1,0.0
119,31,4,14,0.2857142857142857
22,10,11,19,0.5789473684210527
81,34,12,23,0.5217391304347826
96,57,41,82,0.5
21,64,12,23,0.5217391304347826
157,45,0,1,0.0
85,117,26,51,0.5098039215686274
29,17,32,57,0.5614035087719298
119,27,1,1,1.0
222,254,1,2,0.5
29,85,2,5,0.4
222,61,12,27,0.4444444444444444
236,103,8,20,0.4
96,99,44,85,0.5176470588235295
133,143,10,20,0.5
115,117,19,41,0.4634146341463415
18,57,93,187,0.49732620320855614
51,427,14,24,0.5833333333333334
236,27,1,4,0.25
222,57,203,389,0.5218508997429306
6,412,8,20,0.4
110,22,3,8,0.375
114,111,0,2,0.0
81,85,9,21,0.42857142857142855
51,55,5,9,0.5555555555555556
82,53,13,21,0.6190476190476191
85,12,11,26,0.4230769230769231
133,3,2,5,0.4
119,59,4,5,0.8
99,25,11,18,0.6111111111111112
67,113,15,32,0.46875
236,55,3,9,0.3333333333333333
96,432,65,122,0.5327868852459017
222,77,1,1,1.0
498,44,94,189,0.4973544973544973
96,54,8,12,0.6666666666666666
498,122,2,4,0.5
157,432,6,13,0.46153846153846156
37,45,1,1,1.0
202,34,8,11,0.7272727272727273
21,101,7,15,0.4666666666666667
29,427,4,9,0.4444444444444444
85,37,15,30,0.5
119,22,6,13,0.46153846153846156
67,154,8,18,0.4444444444444444
119,92,0,1,0.0
222,103,3,9,0.3333333333333333
29,57,157,318,0.4937106918238994
498,1,76,151,0.5033112582781457
15,57,52,112,0.4642857142857143
22,113,17,37,0.4594594594594595
51,4,5,21,0.23809523809523808
236,84,3,7,0.42857142857142855
133,63,9,21,0.42857142857142855
57,67,0,1,0.0
498,61,6,18,0.3333333333333333
17,16,10,16,0.625
81,157,0,2,0.0
18,35,4,7,0.5714285714285714
203,497,2,5,0.4
119,113,11,25,0.44
429,63,58,109,0.5321100917431193
105,25,0,1,0.0
21,35,10,13,0.7692307692307693
91,25,0,1,0.0
22,54,33,71,0.4647887323943662
18,10,2,8,0.25
133,267,14,32,0.4375
81,245,5,6,0.8333333333333334
202,222,1,2,0.5
222,420,1,5,0.2
15,113,5,8,0.625
119,54,27,40,0.675
18,31,4,7,0.5714285714285714
236,62,4,8,0.5
21,45,53,90,0.5888888888888889
119,57,204,382,0.5340314136125655
18,80,7,9,0.7777777777777778
22,7,3,7,0.42857142857142855
236,22,20,45,0.4444444444444444
22,61,19,31,0.6129032258064516
81,48,11,16,0.6875
429,57,55,103,0.5339805825242718
236,81,8,30,0.26666666666666666
429,43,100,233,0.4291845493562232
236,136,4,10,0.4
202,113,5,14,0.35714285714285715
29,14,18,41,0.43902439024390244
498,26,111,244,0.45491803278688525
131,12,0,1,0.0
67,5,1,2,0.5
29,163,8,18,0.4444444444444444
21,26,57,128,0.4453125
202,427,2,7,0.2857142857142857
22,32,4,10,0.4
4,412,14,23,0.6086956521739131
498,50,1,4,0.25
85,16,16,34,0.47058823529411764
6,89,5,7,0.7142857142857143
236,28,0,1,0.0
202,74,6,10,0.6
222,101,10,16,0.625
96,45,10,21,0.47619047619047616
51,420,10,21,0.47619047619047616
498,35,11,17,0.6470588235294118
157,16,3,8,0.375
92,29,0,1,0.0
67,22,5,16,0.3125
29,21,28,42,0.6666666666666666
236,31,8,21,0.38095238095238093
222,4,0,5,0.0
222,64,10,17,0.5882352941176471
222,76,9,17,0.5294117647058824
62,432,1,1,1.0
92,45,0,1,0.0
110,106,4,7,0.5714285714285714
51,113,39,63,0.6190476190476191
81,115,6,17,0.35294117647058826
236,39,0,2,0.0
202,14,19,45,0.4222222222222222
96,64,1,5,0.2
67,55,0,4,0.0
429,76,0,3,0.0
21,44,67,135,0.4962962962962963
15,10,4,4,1.0
81,10,9,23,0.391304347826087
222,498,1,4,0.25
498,59,4,8,0.5
203,17,0,3,0.0
69,25,1,2,0.5
45,25,1,3,0.3333333333333333
7,25,0,2,0.0
12,412,0,1,0.0
85,99,3,8,0.375
202,92,0,1,0.0
115,412,58,110,0.5272727272727272
429,267,98,202,0.48514851485148514
498,101,9,21,0.42857142857142855
17,76,0,1,0.0
202,32,1,4,0.25
498,27,0,2,0.0
119,3,42,86,0.4883720930232558
51,164,8,20,0.4
133,497,9,30,0.3
432,267,0,1,0.0
115,44,4,8,0.5
429,9,8,23,0.34782608695652173
236,51,1,2,0.5
157,412,14,22,0.6363636363636364
85,201,16,35,0.45714285714285713
67,51,0,1,0.0
202,9,27,58,0.46551724137931033
202,17,26,43,0.6046511627906976
126,63,1,1,1.0
81,154,6,12,0.5
119,101,8,18,0.4444444444444444
498,98,35,68,0.5147058823529411
498,55,2,5,0.4
81,74,5,13,0.38461538461538464
51,6,1,3,0.3333333333333333
67,80,9,12,0.75
6,74,0,1,0.0
110,136,0,3,0.0
119,64,4,9,0.4444444444444444
15,3,10,20,0.5
15,80,1,2,0.5
222,81,7,14,0.5
222,134,4,13,0.3076923076923077
85,57,4,14,0.2857142857142857
134,50,0,1,0.0
110,3,18,40,0.45
51,96,0,1,0.0
110,127,2,2,1.0
51,85,8,29,0.27586206896551724
18,48,4,12,0.3333333333333333
110,80,3,3,1.0
96,78,5,7,0.7142857142857143
236,32,9,23,0.391304347826087
429,20,7,20,0.35
67,59,6,7,0.8571428571428571
45,1,0,1,0.0
157,84,0,1,0.0
67,81,2,7,0.2857142857142857
51,61,20,50,0.4
222,45,55,113,0.48672566371681414
432,143,0,2,0.0
29,1,52,107,0.48598130841121495
119,35,7,10,0.7
429,79,14,34,0.4117647058823529
51,115,19,36,0.5277777777777778
1,53,1,3,0.3333333333333333
10,53,1,2,0.5
115,432,23,40,0.575
202,107,0,2,0.0
4,143,6,9,0.6666666666666666
115,16,11,25,0.44
21,103,2,3,0.6666666666666666
29,45,29,55,0.5272727272727272
21,79,21,33,0.6363636363636364
21,31,6,8,0.75
34,43,0,1,0.0
67,61,19,37,0.5135135135135135
67,54,35,68,0.5147058823529411
85,25,14,38,0.3684210526315789
17,90,0,2,0.0
7,12,1,1,1.0
18,14,17,32,0.53125
498,92,3,4,0.75
202,106,4,9,0.4444444444444444
67,50,5,9,0.5555555555555556
4,497,3,11,0.2727272727272727
17,497,8,12,0.6666666666666666
4,37,4,9,0.4444444444444444
67,64,7,17,0.4117647058823529
17,412,19,31,0.6129032258064516
17,37,15,24,0.625
498,3,52,121,0.4297520661157025
222,74,3,5,0.6
22,48,6,15,0.4
157,26,3,3,1.0
429,106,2,5,0.4
67,38,1,1,1.0
21,85,4,7,0.5714285714285714
21,106,8,15,0.5333333333333333
6,201,1,8,0.125
429,81,1,4,0.25
6,117,7,11,0.6363636363636364
21,34,7,14,0.5
85,223,6,8,0.75
203,143,2,5,0.4
420,76,1,1,1.0
119,13,0,2,0.0
15,4,0,3,0.0
110,98,18,34,0.5294117647058824
21,3,50,91,0.5494505494505495
45,60,1,1,1.0
10,37,2,3,0.6666666666666666
119,50,3,5,0.6
55,63,0,1,0.0
99,12,1,1,1.0
202,10,1,12,0.08333333333333333
6,497,3,13,0.23076923076923078
18,81,2,7,0.2857142857142857
21,134,4,10,0.4
51,48,15,48,0.3125
119,75,2,3,0.6666666666666666
429,48,5,10,0.5
163,25,2,2,1.0
85,497,19,56,0.3392857142857143
43,117,0,1,0.0
133,1,3,8,0.375
119,74,6,13,0.46153846153846156
429,26,19,49,0.3877551020408163
29,134,2,5,0.4
81,58,1,2,0.5
21,427,3,12,0.25
15,9,3,16,0.1875
119,45,25,65,0.38461538461538464
96,31,0,2,0.0
202,82,0,1,0.0
67,427,7,18,0.3888888888888889
236,7,12,17,0.7058823529411765
29,245,3,6,0.5
21,36,3,3,1.0
110,76,3,9,0.3333333333333333
119,20,11,25,0.44
67,92,1,2,0.5
429,45,5,17,0.29411764705882354
497,79,0,1,0.0
110,101,13,17,0.7647058823529411
126,53,4,9,0.4444444444444444
157,1,2,2,1.0
157,31,0,1,0.0
429,51,0,1,0.0
432,497,0,4,0.0
45,412,5,9,0.5555555555555556
133,99,18,29,0.6206896551724138
115,201,12,21,0.5714285714285714
22,427,4,9,0.4444444444444444
222,34,7,15,0.4666666666666667
21,62,0,4,0.0
85,9,6,9,0.6666666666666666
67,83,0,1,0.0
42,78,2,2,1.0
90,45,0,1,0.0
119,21,21,50,0.42
81,7,2,10,0.2
498,134,3,4,0.75
81,35,7,19,0.3684210526315789
133,26,4,5,0.8
222,157,2,4,0.5
1,412,2,2,1.0
119,157,0,3,0.0
17,161,2,6,0.3333333333333333
236,134,9,22,0.4090909090909091
498,86,1,1,1.0
51,36,7,14,0.5
222,33,4,5,0.8
157,238,1,1,1.0
157,267,4,8,0.5
222,85,3,7,0.42857142857142855
222,19,0,2,0.0
498,427,2,8,0.25
96,113,2,6,0.3333333333333333
81,27,0,3,0.0
17,43,5,10,0.5
222,115,5,10,0.5
202,50,1,3,0.3333333333333333
202,154,0,2,0.0
96,98,10,12,0.8333333333333334
74,63,1,2,0.5
4,53,3,10,0.3
115,43,28,59,0.4745762711864407
18,113,1,14,0.07142857142857142
16,236,0,1,0.0
119,238,2,2,1.0
51,86,3,7,0.42857142857142855
498,48,11,19,0.5789473684210527
56,432,0,1,0.0
96,36,0,1,0.0
29,34,11,17,0.6470588235294118
18,68,1,2,0.5
115,161,6,17,0.35294117647058826
4,57,1,4,0.25
21,115,7,17,0.4117647058823529
6,16,3,10,0.3
11,267,2,3,0.6666666666666666
157,497,13,21,0.6190476190476191
126,267,3,4,0.75
10,25,0,2,0.0
81,36,1,4,0.25
104,117,21,38,0.5526315789473685
498,113,10,24,0.4166666666666667
81,113,6,17,0.35294117647058826
26,12,1,1,1.0
119,79,32,66,0.48484848484848486
9,45,0,1,0.0
236,30,3,8,0.375
4,201,1,3,0.3333333333333333
85,98,1,5,0.2
222,163,13,24,0.5416666666666666
42,161,10,21,0.47619047619047616
21,238,1,4,0.25
119,114,1,1,1.0
110,31,2,3,0.6666666666666666
8,117,1,2,0.5
67,62,1,5,0.2
6,43,2,9,0.2222222222222222
202,22,2,9,0.2222222222222222
51,202,0,1,0.0
96,134,1,1,1.0
203,43,2,3,0.6666666666666666
119,121,1,1,1.0
119,36,3,4,0.75
115,99,9,17,0.5294117647058824
117,412,1,2,0.5
498,421,0,1,0.0
30,267,0,2,0.0
29,35,12,21,0.5714285714285714
236,58,2,2,1.0
236,105,5,6,0.8333333333333334
41,412,2,3,0.6666666666666666
150,412,0,2,0.0
119,103,2,6,0.3333333333333333
21,105,4,5,0.8
21,498,0,3,0.0
6,9,2,2,1.0
22,36,2,3,0.6666666666666666
15,245,2,3,0.6666666666666666
21,164,4,8,0.5
127,89,0,1,0.0
17,45,3,4,0.75
51,32,6,10,0.6
498,163,14,31,0.45161290322580644
67,36,6,10,0.6
429,34,1,2,0.5
81,51,1,1,1.0
236,4,4,14,0.2857142857142857
18,17,21,33,0.6363636363636364
29,76,0,8,0.0
22,154,3,15,0.2
29,59,5,6,0.8333333333333334
104,57,2,7,0.2857142857142857
236,80,6,17,0.35294117647058826
18,245,2,4,0.5
133,161,4,5,0.8
96,24,0,1,0.0
222,13,1,3,0.3333333333333333
74,99,0,1,0.0
42,497,14,29,0.4827586206896552
81,32,5,11,0.45454545454545453
81,61,11,24,0.4583333333333333
85,111,7,17,0.4117647058823529
222,150,1,2,0.5
51,62,5,7,0.7142857142857143
202,20,9,17,0.5294117647058824
412,43,1,2,0.5
81,30,2,7,0.2857142857142857
110,78,7,21,0.3333333333333333
161,40,2,2,1.0
67,164,4,9,0.4444444444444444
202,80,3,4,0.75
81,22,4,13,0.3076923076923077
115,17,3,8,0.375
412,40,0,2,0.0
110,427,4,7,0.5714285714285714
55,497,1,2,0.5
41,35,0,1,0.0
29,420,2,4,0.5
34,412,1,2,0.5
110,79,12,27,0.4444444444444444
203,37,0,3,0.0
498,81,3,10,0.3
202,115,7,11,0.6363636363636364
22,4,4,10,0.4
498,45,44,91,0.4835164835164835
21,80,3,9,0.3333333333333333
67,76,10,20,0.5
412,267,0,3,0.0
157,43,7,10,0.7
222,23,1,1,1.0
498,115,9,18,0.5
67,82,1,2,0.5
236,50,1,6,0.16666666666666666
15,17,5,15,0.3333333333333333
18,60,3,3,1.0
20,57,0,1,0.0
119,154,5,13,0.38461538461538464
29,154,6,14,0.42857142857142855
498,74,4,10,0.4
119,32,1,5,0.2
222,427,5,10,0.5
110,14,11,16,0.6875
81,5,1,3,0.3333333333333333
21,60,0,1,0.0
429,238,0,1,0.0
67,58,2,2,1.0
17,54,1,3,0.3333333333333333
7,117,2,3,0.6666666666666666
6,37,4,7,0.5714285714285714
67,75,1,5,0.2
15,21,1,8,0.125
157,33,1,1,1.0
29,22,5,12,0.4166666666666667
15,54,9,17,0.5294117647058824
119,62,1,3,0.3333333333333333
498,103,3,5,0.6
222,50,0,3,0.0
17,39,1,1,1.0
21,59,4,7,0.5714285714285714
236,5,5,10,0.5
222,5,4,4,1.0
103,33,0,1,0.0
61,44,1,1,1.0
22,76,4,9,0.4444444444444444
202,59,1,4,0.25
39,43,0,1,0.0
126,37,2,3,0.6666666666666666
202,76,4,5,0.8
236,2,3,5,0.6
29,9,29,55,0.5272727272727272
18,22,3,10,0.3
67,31,8,18,0.4444444444444444
498,34,6,18,0.3333333333333333
4,43,4,13,0.3076923076923077
133,27,1,1,1.0
61,40,1,1,1.0
18,101,5,12,0.4166666666666667
22,92,0,2,0.0
103,111,2,3,0.6666666666666666
498,85,9,12,0.75
202,81,0,8,0.0
96,33,2,6,0.3333333333333333
21,19,2,3,0.6666666666666666
6,161,0,3,0.0
61,43,1,1,1.0
222,35,5,13,0.38461538461538464
82,57,1,3,0.3333333333333333
110,113,2,8,0.25
222,7,5,8,0.625
51,498,0,1,0.0
157,37,2,4,0.5
51,103,2,8,0.25
4,16,6,10,0.6
104,3,0,1,0.0
9,1,1,2,0.5
86,40,2,2,1.0
203,117,3,8,0.375
81,122,1,3,0.3333333333333333
498,20,7,16,0.4375
37,25,1,2,0.5
412,12,1,1,1.0
16,37,1,1,1.0
81,19,2,2,1.0
236,75,3,4,0.75
157,57,5,9,0.5555555555555556
238,3,1,1,1.0
222,51,1,4,0.25
29,24,1,2,0.5
18,34,7,8,0.875
133,9,2,4,0.5
91,84,1,1,1.0
429,10,2,3,0.6666666666666666
119,5,1,3,0.3333333333333333
51,33,11,19,0.5789473684210527
13,143,0,1,0.0
29,61,5,19,0.2631578947368421
51,127,3,5,0.6
222,236,2,2,1.0
96,14,7,10,0.7
119,164,4,10,0.4
81,31,4,10,0.4
10,89,1,2,0.5
10,12,0,2,0.0
42,3,1,3,0.3333333333333333
112,497,1,2,0.5
17,117,10,20,0.5
110,10,7,12,0.5833333333333334
161,16,1,1,1.0
51,8,0,3,0.0
133,34,0,2,0.0
51,74,9,18,0.5
85,45,1,4,0.25
84,497,0,1,0.0
17,12,3,6,0.5
17,201,5,8,0.625
15,107,1,1,1.0
64,61,0,1,0.0
15,11,0,1,0.0
429,23,0,1,0.0
18,33,2,5,0.4
59,3,0,1,0.0
17,105,0,1,0.0
67,222,0,1,0.0
110,154,4,5,0.8
15,64,2,6,0.3333333333333333
21,81,5,8,0.625
203,12,1,3,0.3333333333333333
115,154,1,2,0.5
498,58,2,2,1.0
4,90,0,1,0.0
96,245,0,1,0.0
222,55,0,1,0.0
119,133,1,1,1.0
1,89,2,2,1.0
4,223,1,2,0.5
96,81,3,4,0.75
17,101,0,1,0.0
21,33,4,7,0.5714285714285714
133,111,9,16,0.5625
26,89,0,2,0.0
81,420,2,5,0.4
42,85,1,2,0.5
119,163,12,21,0.5714285714285714
29,31,4,8,0.5
34,78,1,2,0.5
133,44,3,9,0.3333333333333333
33,16,0,1,0.0
202,30,2,4,0.5
107,57,0,1,0.0
157,223,1,3,0.3333333333333333
81,39,0,2,0.0
429,50,0,1,0.0
81,103,5,11,0.45454545454545453
15,34,0,3,0.0
222,68,2,3,0.6666666666666666
126,154,1,2,0.5
432,29,0,1,0.0
50,497,1,1,1.0
85,40,15,35,0.42857142857142855
150,115,0,1,0.0
203,90,1,1,1.0
126,40,1,2,0.5
161,43,2,3,0.6666666666666666
119,80,4,10,0.4
22,75,2,3,0.6666666666666666
51,23,0,2,0.0
17,427,0,1,0.0
115,26,8,13,0.6153846153846154
126,12,0,1,0.0
18,55,1,2,0.5
96,59,1,3,0.3333333333333333
4,117,3,7,0.42857142857142855
82,44,0,1,0.0
202,64,6,9,0.6666666666666666
110,60,1,1,1.0
15,101,4,11,0.36363636363636365
4,7,0,1,0.0
69,17,1,4,0.25
115,21,2,3,0.6666666666666666
15,50,1,2,0.5
119,105,4,7,0.5714285714285714
15,122,1,2,0.5
240,267,1,1,1.0
13,16,1,1,1.0
104,45,3,7,0.42857142857142855
34,223,0,1,0.0
67,33,4,10,0.4
15,163,5,7,0.7142857142857143
15,78,4,16,0.25
21,48,4,10,0.4
432,40,4,4,1.0
236,238,1,5,0.2
115,54,2,3,0.6666666666666666
15,48,5,9,0.5555555555555556
6,61,0,2,0.0
119,420,1,3,0.3333333333333333
6,143,4,6,0.6666666666666666
18,420,1,5,0.2
81,82,2,2,1.0
67,60,2,4,0.5
119,4,1,4,0.25
115,22,2,2,1.0
103,26,2,2,1.0
498,31,4,10,0.4
122,25,1,1,1.0
133,74,0,1,0.0
85,44,6,9,0.6666666666666666
29,74,4,6,0.6666666666666666
25,22,0,1,0.0
21,13,1,3,0.3333333333333333
17,44,2,7,0.2857142857142857
22,202,1,1,1.0
17,99,3,5,0.6
222,82,0,3,0.0
42,79,1,3,0.3333333333333333
16,412,1,1,1.0
15,154,3,5,0.6
22,33,2,6,0.3333333333333333
14,267,1,1,1.0
15,120,0,1,0.0
236,112,0,2,0.0
429,78,11,20,0.55
104,54,1,2,0.5
59,161,2,2,1.0
15,61,5,8,0.625
29,122,1,2,0.5
12,236,0,1,0.0
110,163,4,9,0.4444444444444444
117,25,0,1,0.0
29,103,4,7,0.5714285714285714
22,106,5,13,0.38461538461538464
85,61,1,1,1.0
15,79,7,15,0.4666666666666667
81,59,5,8,0.625
115,34,2,4,0.5
222,18,0,1,0.0
498,96,0,1,0.0
50,45,0,1,0.0
119,127,2,4,0.5
110,245,3,4,0.75
236,6,3,4,0.75
67,30,3,7,0.42857142857142855
45,267,2,4,0.5
104,17,1,3,0.3333333333333333
157,20,1,2,0.5
67,41,1,2,0.5
161,432,1,2,0.5
86,61,0,1,0.0
133,45,1,5,0.2
429,92,1,2,0.5
69,101,2,2,1.0
6,115,1,2,0.5
4,64,1,1,1.0
42,57,9,14,0.6428571428571429
45,16,2,5,0.4
22,60,2,4,0.5
18,50,2,5,0.4
126,82,1,1,1.0
51,50,1,5,0.2
119,55,0,3,0.0
21,222,1,1,1.0
67,86,1,3,0.3333333333333333
45,161,1,3,0.3333333333333333
42,163,1,3,0.3333333333333333
498,164,5,10,0.5
15,31,0,2,0.0
51,105,2,5,0.4
119,236,2,2,1.0
119,30,2,4,0.5
143,119,0,1,0.0
22,131,0,1,0.0
5,37,1,1,1.0
157,161,6,8,0.75
21,236,0,1,0.0
222,92,3,4,0.75
10,57,1,4,0.25
4,54,1,1,1.0
10,21,0,1,0.0
150,63,0,1,0.0
110,81,2,7,0.2857142857142857
51,110,1,1,1.0
11,79,1,1,1.0
61,12,1,1,1.0
90,412,1,2,0.5
45,432,1,3,0.3333333333333333
202,31,3,7,0.42857142857142855
143,43,1,1,1.0
4,35,0,1,0.0
498,80,0,5,0.0
498,154,6,18,0.3333333333333333
18,134,3,7,0.42857142857142855
82,497,0,3,0.0
55,43,1,2,0.5
55,40,1,2,0.5
126,54,1,1,1.0
39,497,1,2,0.5
110,85,2,5,0.4
420,69,0,1,0.0
13,412,2,2,1.0
117,12,0,1,0.0
1,498,0,2,0.0
157,143,5,6,0.8333333333333334
6,432,4,9,0.4444444444444444
11,25,0,2,0.0
22,80,6,8,0.75
236,29,0,2,0.0
82,37,2,6,0.3333333333333333
45,63,1,4,0.25
119,266,1,1,1.0
23,267,1,1,1.0
268,497,0,3,0.0
51,24,1,3,0.3333333333333333
15,68,0,1,0.0
69,412,4,7,0.5714285714285714
6,25,1,9,0.1111111111111111
203,76,0,1,0.0
96,35,2,4,0.5
104,7,2,3,0.6666666666666666
143,432,0,1,0.0
115,157,0,1,0.0
78,1,1,1,1.0
30,83,0,1,0.0
43,143,1,1,1.0
22,59,1,3,0.3333333333333333
81,69,0,4,0.0
22,41,1,4,0.25
17,267,6,12,0.5
24,17,1,2,0.5
51,11,2,2,1.0
15,164,2,6,0.3333333333333333
62,143,0,1,0.0
45,40,1,1,1.0
51,122,5,6,0.8333333333333334
51,7,7,16,0.4375
104,63,12,18,0.6666666666666666
26,117,0,1,0.0
21,154,3,7,0.42857142857142855
117,223,1,1,1.0
117,40,0,2,0.0
103,143,3,5,0.6
21,30,0,4,0.0
222,36,2,4,0.5
104,154,2,2,1.0
122,267,1,1,1.0
41,75,0,1,0.0
133,59,1,1,1.0
101,25,0,2,0.0
85,26,2,5,0.4
115,14,1,2,0.5
115,111,6,11,0.5454545454545454
104,78,2,4,0.5
42,4,1,3,0.3333333333333333
110,64,2,10,0.2
96,427,1,2,0.5
126,26,2,3,0.6666666666666666
29,80,3,8,0.375
21,32,7,14,0.5
45,497,3,3,1.0
10,16,1,2,0.5
429,113,2,6,0.3333333333333333
17,163,1,1,1.0
157,78,0,1,0.0
31,432,1,1,1.0
96,32,1,3,0.3333333333333333
51,222,1,2,0.5
105,80,1,1,1.0
429,31,2,7,0.2857142857142857
81,4,1,4,0.25
429,69,1,2,0.5
103,40,2,2,1.0
267,16,1,1,1.0
22,157,5,8,0.625
21,136,0,2,0.0
119,96,1,2,0.5
121,432,0,1,0.0
22,134,3,4,0.75
61,117,2,2,1.0
126,89,5,8,0.625
222,245,2,7,0.2857142857142857
50,43,0,1,0.0
92,63,0,1,0.0
432,17,1,1,1.0
126,497,2,3,0.6666666666666666
110,34,4,10,0.4
110,20,10,17,0.5882352941176471
236,86,1,4,0.25
115,9,1,2,0.5
105,201,1,1,1.0
15,134,0,1,0.0
22,23,0,1,0.0
119,91,0,1,0.0
203,432,0,1,0.0
222,22,4,10,0.4
22,245,2,6,0.3333333333333333
10,76,1,1,1.0
429,105,0,1,0.0
53,89,1,1,1.0
21,27,1,1,1.0
67,110,0,1,0.0
498,22,6,15,0.4
101,53,1,1,1.0
18,154,3,9,0.3333333333333333
69,63,2,3,0.6666666666666666
74,57,2,2,1.0
103,12,2,2,1.0
222,164,3,10,0.3
80,143,1,1,1.0
498,7,3,4,0.75
57,53,1,1,1.0
69,143,1,2,0.5
21,2,1,1,1.0
498,32,1,5,0.2
236,154,13,24,0.5416666666666666
45,143,0,1,0.0
22,266,1,2,0.5
498,6,0,1,0.0
10,143,1,1,1.0
115,81,0,1,0.0
157,79,2,3,0.6666666666666666
222,122,3,7,0.42857142857142855
17,1,3,4,0.75
268,37,1,2,0.5
104,110,1,1,1.0
1,497,2,4,0.5
29,82,1,2,0.5
11,117,0,1,0.0
42,90,1,6,0.16666666666666666
82,12,4,5,0.8
10,412,4,5,0.8
119,85,1,4,0.25
126,432,2,4,0.5
157,32,1,1,1.0
161,89,1,2,0.5
161,412,2,5,0.4
236,157,3,6,0.5
11,497,1,1,1.0
222,62,2,5,0.4
69,497,2,3,0.6666666666666666
4,63,3,5,0.6
110,51,1,1,1.0
119,60,2,2,1.0
45,43,3,4,0.75
69,99,1,1,1.0
202,7,2,4,0.5
202,86,2,2,1.0
1,43,3,3,1.0
202,35,4,13,0.3076923076923077
268,412,1,1,1.0
245,89,0,1,0.0
222,202,0,2,0.0
85,122,0,1,0.0
45,79,0,1,0.0
157,89,4,7,0.5714285714285714
115,78,1,2,0.5
69,16,0,2,0.0
92,113,1,1,1.0
202,85,1,6,0.16666666666666666
498,82,1,1,1.0
45,37,1,2,0.5
29,19,0,1,0.0
110,115,2,3,0.6666666666666666
85,81,1,1,1.0
223,26,0,1,0.0
15,58,1,1,1.0
29,64,1,6,0.16666666666666666
51,126,1,1,1.0
202,41,0,5,0.0
81,18,0,1,0.0
203,53,3,8,0.375
58,25,1,1,1.0
429,134,0,2,0.0
134,267,2,3,0.6666666666666666
91,267,1,1,1.0
498,268,0,2,0.0
202,134,1,3,0.3333333333333333
91,53,0,1,0.0
15,106,5,7,0.7142857142857143
15,157,2,3,0.6666666666666666
203,25,4,5,0.8
133,90,3,4,0.75
4,80,1,2,0.5
22,31,3,9,0.3333333333333333
14,432,2,3,0.6666666666666666
85,10,2,3,0.6666666666666666
103,43,2,3,0.6666666666666666
85,22,0,1,0.0
103,16,0,2,0.0
29,157,2,3,0.6666666666666666
222,203,1,2,0.5
81,92,3,6,0.5
105,497,0,1,0.0
78,40,0,1,0.0
222,59,3,8,0.375
17,143,10,18,0.5555555555555556
41,43,1,3,0.3333333333333333
63,57,0,1,0.0
134,45,1,2,0.5
119,33,3,6,0.5
6,22,1,2,0.5
74,53,2,6,0.3333333333333333
498,33,1,3,0.3333333333333333
51,82,0,2,0.0
4,99,3,5,0.6
29,36,2,2,1.0
498,51,0,1,0.0
99,412,0,2,0.0
161,22,1,1,1.0
2,26,1,1,1.0
107,267,1,1,1.0
117,106,0,1,0.0
119,134,3,4,0.75
119,136,1,2,0.5
157,201,5,8,0.625
498,24,0,1,0.0
133,115,0,1,0.0
85,90,3,5,0.6
498,30,2,4,0.5
126,34,1,1,1.0
103,98,0,1,0.0
45,57,2,2,1.0
1,41,0,1,0.0
236,19,1,3,0.3333333333333333
1,63,6,7,0.8571428571428571
103,101,2,2,1.0
17,4,0,1,0.0
59,89,2,2,1.0
4,161,2,4,0.5
29,81,3,4,0.75
15,115,0,4,0.0
202,4,0,4,0.0
103,497,0,2,0.0
17,81,2,2,1.0
4,40,3,4,0.75
222,8,1,2,0.5
30,16,1,1,1.0
6,3,1,4,0.25
240,25,0,1,0.0
45,54,0,1,0.0
7,43,1,4,0.25
22,164,8,13,0.6153846153846154
157,64,2,2,1.0
163,143,1,3,0.3333333333333333
39,16,1,1,1.0
76,267,0,1,0.0
15,136,0,1,0.0
119,61,8,14,0.5714285714285714
107,91,0,1,0.0
37,432,0,1,0.0
429,27,0,2,0.0
26,63,1,1,1.0
61,161,0,1,0.0
110,19,0,1,0.0
22,101,13,25,0.52
432,245,0,1,0.0
1,201,0,2,0.0
85,14,0,2,0.0
85,21,0,4,0.0
29,30,0,1,0.0
103,63,0,2,0.0
51,157,6,9,0.6666666666666666
104,98,1,3,0.3333333333333333
429,122,1,1,1.0
110,122,0,1,0.0
25,37,1,1,1.0
117,497,0,1,0.0
110,59,4,5,0.8
222,83,1,3,0.3333333333333333
51,254,1,2,0.5
17,57,1,6,0.16666666666666666
81,121,1,1,1.0
104,14,1,3,0.3333333333333333
63,89,0,1,0.0
81,126,0,1,0.0
110,74,3,6,0.5
8,89,0,1,0.0
11,57,0,1,0.0
10,45,0,1,0.0
81,50,1,4,0.25
18,30,1,2,0.5
498,420,0,1,0.0
203,163,1,1,1.0
117,1,0,1,0.0
29,68,2,3,0.6666666666666666
63,4,0,1,0.0
81,84,0,1,0.0
67,238,1,2,0.5
115,103,1,1,1.0
17,10,0,1,0.0
40,16,0,1,0.0
51,2,1,4,0.25
7,63,1,2,0.5
29,83,2,2,1.0
38,43,0,1,0.0
21,51,1,1,1.0
268,63,0,1,0.0
21,74,4,10,0.4
96,34,2,3,0.6666666666666666
51,83,1,4,0.25
236,245,5,11,0.45454545454545453
9,26,0,1,0.0
119,245,0,2,0.0
22,55,4,7,0.5714285714285714
429,115,1,2,0.5
202,245,0,2,0.0
17,20,1,1,1.0
15,36,1,1,1.0
21,202,1,1,1.0
143,427,0,1,0.0
432,25,1,1,1.0
6,99,6,8,0.75
157,63,2,3,0.6666666666666666
21,41,2,3,0.6666666666666666
51,41,2,6,0.3333333333333333
222,41,1,4,0.25
222,24,1,1,1.0
96,61,0,4,0.0
42,13,0,1,0.0
498,13,0,1,0.0
42,14,0,1,0.0
429,164,1,4,0.25
18,85,1,6,0.16666666666666666
117,115,1,1,1.0
14,497,0,1,0.0
15,85,2,6,0.3333333333333333
110,134,3,4,0.75
498,4,3,6,0.5
112,35,1,1,1.0
11,9,1,1,1.0
85,79,2,3,0.6666666666666666
18,5,2,4,0.5
432,412,3,4,0.75
15,150,0,1,0.0
29,13,0,3,0.0
45,53,3,7,0.42857142857142855
134,3,1,1,1.0
163,412,2,2,1.0
134,497,0,1,0.0
67,122,2,2,1.0
64,117,1,1,1.0
238,40,0,1,0.0
133,106,0,3,0.0
67,8,0,2,0.0
429,75,0,1,0.0
110,164,3,4,0.75
222,6,0,2,0.0
157,44,0,1,0.0
51,121,1,2,0.5
126,143,1,3,0.3333333333333333
115,27,0,1,0.0
238,78,0,1,0.0
18,498,0,1,0.0
51,131,1,2,0.5
67,254,1,2,0.5
92,16,1,2,0.5
10,43,2,3,0.6666666666666666
6,21,1,2,0.5
8,201,0,1,0.0
30,201,0,1,0.0
236,268,0,1,0.0
45,44,0,1,0.0
55,25,0,2,0.0
81,8,1,2,0.5
429,59,0,1,0.0
85,134,1,1,1.0
127,99,0,1,0.0
29,7,2,4,0.5
103,201,0,1,0.0
6,164,0,1,0.0
96,80,2,5,0.4
34,497,1,1,1.0
104,79,4,7,0.5714285714285714
34,37,0,1,0.0
17,26,3,6,0.5
240,497,1,1,1.0
143,117,0,1,0.0
115,79,3,4,0.75
133,57,3,7,0.42857142857142855
202,23,0,2,0.0
429,21,3,8,0.375
18,84,1,1,1.0
6,79,0,2,0.0
99,111,1,2,0.5
81,62,0,3,0.0
99,76,1,1,1.0
51,5,3,3,1.0
6,223,1,1,1.0
4,44,0,1,0.0
20,53,1,1,1.0
40,37,0,1,0.0
17,136,0,1,0.0
81,102,0,1,0.0
222,27,4,6,0.6666666666666666
22,86,3,5,0.6
429,154,1,5,0.2
429,103,1,2,0.5
51,238,3,3,1.0
429,101,2,4,0.5
429,32,3,5,0.6
10,40,0,1,0.0
51,245,5,9,0.5555555555555556
21,76,0,4,0.0
22,105,0,1,0.0
96,48,3,6,0.5
1,80,1,2,0.5
202,33,0,3,0.0
17,3,0,3,0.0
41,53,1,2,0.5
96,30,0,1,0.0
119,29,0,1,0.0
1,12,0,1,0.0
63,43,0,1,0.0
80,40,0,1,0.0
63,25,0,1,0.0
105,267,0,1,0.0
11,201,0,1,0.0
67,77,1,2,0.5
38,53,0,1,0.0
29,62,0,1,0.0
222,105,2,3,0.6666666666666666
43,29,1,1,1.0
81,203,0,1,0.0
29,2,0,1,0.0
30,497,1,2,0.5
110,62,2,2,1.0
104,21,1,2,0.5
51,39,0,4,0.0
115,3,3,5,0.6
150,117,0,1,0.0
267,154,1,1,1.0
22,103,1,5,0.2
126,25,2,2,1.0
63,81,1,1,1.0
92,25,0,1,0.0
99,63,1,5,0.2
96,23,0,1,0.0
133,98,4,6,0.6666666666666666
85,34,1,1,1.0
50,27,0,1,0.0
7,53,0,1,0.0
6,57,1,2,0.5
4,267,0,3,0.0
99,497,1,3,0.3333333333333333
22,236,0,1,0.0
498,127,3,5,0.6
498,64,4,7,0.5714285714285714
96,69,0,1,0.0
21,126,2,2,1.0
110,236,1,1,1.0
202,24,1,2,0.5
110,32,2,5,0.4
6,78,0,1,0.0
63,17,1,2,0.5
85,115,0,2,0.0
429,8,0,1,0.0
96,236,0,1,0.0
1,45,1,1,1.0
18,157,1,2,0.5
30,432,2,2,1.0
222,39,1,1,1.0
42,91,1,1,1.0
22,13,0,4,0.0
45,78,0,2,0.0
51,136,2,4,0.5
1,40,2,2,1.0
51,68,2,4,0.5
432,427,1,2,0.5
67,13,1,5,0.2
498,105,3,4,0.75
498,68,1,1,1.0
103,25,3,4,0.75
13,267,0,1,0.0
202,6,2,2,1.0
117,63,2,2,1.0
42,164,1,2,0.5
238,53,3,3,1.0
67,114,0,1,0.0
29,33,0,2,0.0
82,432,0,2,0.0
134,37,0,1,0.0
21,122,0,2,0.0
122,40,0,1,0.0
81,13,1,2,0.5
110,157,0,1,0.0
74,16,1,4,0.25
429,35,0,1,0.0
161,1,0,1,0.0
85,3,0,2,0.0
51,29,2,2,1.0
51,112,3,3,1.0
236,114,1,1,1.0
15,22,1,2,0.5
29,69,1,1,1.0
110,48,4,5,0.8
429,163,0,2,0.0
42,21,1,2,0.5
69,40,2,3,0.6666666666666666
238,432,1,1,1.0
61,63,0,2,0.0
34,117,1,1,1.0
81,107,0,1,0.0
61,111,1,1,1.0
202,120,1,1,1.0
55,267,0,2,0.0
29,115,3,5,0.6
85,113,3,4,0.75
203,78,0,1,0.0
22,27,1,4,0.25
18,133,1,1,1.0
105,12,0,1,0.0
163,117,1,2,0.5
85,20,1,1,1.0
429,85,6,11,0.5454545454545454
92,412,0,1,0.0
37,12,0,1,0.0
4,115,1,2,0.5
90,1,1,1,1.0
104,115,0,1,0.0
104,83,0,1,0.0
4,1,1,3,0.3333333333333333
75,161,1,1,1.0
429,245,0,1,0.0
236,122,1,2,0.5
134,25,1,2,0.5
60,17,0,1,0.0
25,111,0,1,0.0
18,150,0,2,0.0
21,92,1,1,1.0
29,42,0,1,0.0
429,427,1,3,0.3333333333333333
82,33,0,1,0.0
42,101,1,2,0.5
67,133,1,1,1.0
85,78,0,1,0.0
202,36,0,4,0.0
96,101,7,9,0.7777777777777778
117,111,3,3,1.0
45,32,1,1,1.0
161,29,0,1,0.0
110,103,3,6,0.5
63,40,0,1,0.0
432,63,0,1,0.0
21,29,0,2,0.0
498,41,0,2,0.0
115,10,1,1,1.0
80,44,3,3,1.0
119,254,1,3,0.3333333333333333
10,223,1,1,1.0
99,29,1,1,1.0
17,34,1,2,0.5
134,26,1,3,0.3333333333333333
1,72,1,1,1.0
429,61,2,3,0.6666666666666666
119,6,1,3,0.3333333333333333
161,53,2,4,0.5
222,67,0,3,0.0
21,75,2,3,0.6666666666666666
42,17,1,4,0.25
67,2,0,1,0.0
498,107,0,1,0.0
21,245,0,3,0.0
127,25,0,1,0.0
202,164,5,7,0.7142857142857143
4,76,0,1,0.0
429,74,0,1,0.0
126,43,1,3,0.3333333333333333
119,48,3,8,0.375
96,17,3,10,0.3
498,157,2,3,0.6666666666666666
136,43,1,2,0.5
81,60,2,5,0.4
101,497,1,1,1.0
101,223,2,2,1.0
222,60,0,2,0.0
16,22,0,1,0.0
429,29,0,1,0.0
6,111,1,3,0.3333333333333333
161,48,0,1,0.0
429,33,1,2,0.5
21,127,1,5,0.2
82,223,1,1,1.0
55,412,2,2,1.0
84,12,0,1,0.0
39,26,0,1,0.0
21,4,2,6,0.3333333333333333
8,497,1,1,1.0
69,43,2,2,1.0
85,17,4,5,0.8
203,85,1,1,1.0
126,80,1,1,1.0
18,58,0,1,0.0
69,267,1,3,0.3333333333333333
29,4,1,2,0.5
126,79,1,1,1.0
222,136,0,2,0.0
202,69,0,2,0.0
18,62,4,4,1.0
412,161,1,2,0.5
29,84,1,2,0.5
21,268,1,2,0.5
85,154,1,1,1.0
85,35,0,1,0.0
18,74,1,1,1.0
4,20,0,1,0.0
107,427,1,1,1.0
29,11,0,1,0.0
13,89,0,1,0.0
23,40,0,1,0.0
16,40,1,1,1.0
110,30,1,1,1.0
45,12,1,2,0.5
81,238,1,4,0.25
20,267,0,2,0.0
1,16,2,2,1.0
99,267,0,2,0.0
222,114,0,1,0.0
103,17,2,2,1.0
202,5,0,1,0.0
222,15,0,1,0.0
50,16,2,3,0.6666666666666666
119,41,1,2,0.5
90,16,0,1,0.0
90,13,1,1,1.0
74,10,0,1,0.0
16,61,1,1,1.0
110,150,1,2,0.5
236,33,3,7,0.42857142857142855
6,90,2,2,1.0
67,4,6,7,0.8571428571428571
34,161,1,1,1.0
432,16,1,2,0.5
119,86,2,3,0.6666666666666666
34,53,0,2,0.0
157,111,1,3,0.3333333333333333
82,427,1,1,1.0
21,50,1,4,0.25
22,122,1,2,0.5
91,101,0,1,0.0
119,24,1,1,1.0
238,143,1,1,1.0
222,110,1,1,1.0
133,163,2,2,1.0
498,5,0,2,0.0
22,30,2,3,0.6666666666666666
85,59,0,2,0.0
1,143,0,2,0.0
41,26,0,1,0.0
110,61,3,4,0.75
51,266,1,2,0.5
22,18,1,2,0.5
4,26,1,3,0.3333333333333333
104,134,0,1,0.0
9,16,1,2,0.5
91,497,1,1,1.0
22,119,0,1,0.0
236,131,0,1,0.0
69,201,1,1,1.0
15,420,1,2,0.5
202,131,0,1,0.0
112,40,0,1,0.0
69,45,0,1,0.0
81,75,0,2,0.0
29,127,0,1,0.0
498,36,2,2,1.0
134,12,1,1,1.0
67,84,1,3,0.3333333333333333
150,53,1,2,0.5
133,14,0,1,0.0
22,82,0,1,0.0
42,9,1,2,0.5
157,115,1,2,0.5
16,117,0,1,0.0
134,99,2,2,1.0
29,202,0,1,0.0
32,111,1,1,1.0
51,19,1,4,0.25
85,245,1,1,1.0
4,69,0,1,0.0
202,27,1,2,0.5
16,89,1,1,1.0
41,57,1,2,0.5
133,61,1,1,1.0
498,112,2,2,1.0
101,432,1,1,1.0
92,57,0,1,0.0
103,90,1,1,1.0
4,48,0,1,0.0
81,91,0,1,0.0
498,126,1,1,1.0
104,157,2,3,0.6666666666666666
86,16,1,1,1.0
429,4,1,1,1.0
29,114,1,1,1.0
11,53,0,1,0.0
13,8,1,1,1.0
96,68,1,1,1.0
34,89,0,1,0.0
412,63,2,3,0.6666666666666666
21,96,1,2,0.5
81,68,1,2,0.5
85,54,2,3,0.6666666666666666
74,37,0,2,0.0
7,40,1,2,0.5
30,143,0,1,0.0
17,223,2,3,0.6666666666666666
161,113,0,1,0.0
163,432,1,1,1.0
21,420,2,4,0.5
13,63,0,1,0.0
38,40,1,1,1.0
115,45,4,4,1.0
17,22,0,1,0.0
96,76,1,1,1.0
104,26,3,6,0.5
22,11,0,1,0.0
18,59,4,6,0.6666666666666666
236,11,0,1,0.0
266,37,0,1,0.0
161,267,1,1,1.0
161,497,1,1,1.0
6,63,2,2,1.0
1,26,0,1,0.0
63,432,0,1,0.0
432,45,1,1,1.0
42,34,0,1,0.0
16,104,0,1,0.0
222,72,0,1,0.0
64,89,2,2,1.0
412,14,0,1,0.0
18,86,2,2,1.0
18,76,2,5,0.4
59,80,1,1,1.0
136,111,0,1,0.0
99,37,0,2,0.0
61,48,0,1,0.0
131,84,0,1,0.0
82,14,1,1,1.0
17,9,1,1,1.0
84,131,1,1,1.0
85,32,0,1,0.0
112,267,2,4,0.5
498,19,2,2,1.0
115,96,0,1,0.0
236,38,0,1,0.0
432,12,0,2,0.0
110,240,0,1,0.0
18,105,2,3,0.6666666666666666
412,117,0,1,0.0
115,64,1,2,0.5
69,27,1,1,1.0
126,98,1,1,1.0
29,75,1,1,1.0
13,77,0,1,0.0
163,497,1,1,1.0
3,267,0,1,0.0
16,12,1,1,1.0
67,107,0,1,0.0
119,8,0,1,0.0
4,79,1,2,0.5
103,267,0,2,0.0
133,498,1,1,1.0
222,268,0,2,0.0
26,412,0,1,0.0
238,497,0,2,0.0
161,9,0,1,0.0
236,92,0,2,0.0
13,20,0,1,0.0
2,79,1,1,1.0
18,82,1,2,0.5
63,143,2,2,1.0
17,111,3,8,0.375
119,83,0,1,0.0
236,150,1,1,1.0
110,38,1,1,1.0
69,432,2,2,1.0
15,59,1,1,1.0
74,40,0,1,0.0
110,24,1,1,1.0
67,420,1,3,0.3333333333333333
222,86,2,2,1.0
17,69,1,2,0.5
22,8,0,2,0.0
67,24,0,3,0.0
29,38,1,1,1.0
119,68,1,2,0.5
20,9,1,1,1.0
67,131,0,1,0.0
85,103,1,1,1.0
268,267,1,3,0.3333333333333333
10,201,1,2,0.5
222,69,2,2,1.0
74,17,2,3,0.6666666666666666
81,254,1,1,1.0
15,7,1,3,0.3333333333333333
238,63,0,1,0.0
110,222,0,1,0.0
18,13,0,3,0.0
236,77,1,2,0.5
61,53,1,1,1.0
18,4,3,4,0.75
84,37,0,1,0.0
412,164,1,1,1.0
429,64,0,4,0.0
2,99,1,1,1.0
133,164,1,1,1.0
51,75,3,4,0.75
63,1,0,1,0.0
69,161,2,2,1.0
80,17,0,1,0.0
45,92,1,1,1.0
429,22,0,2,0.0
126,24,1,1,1.0
14,63,0,1,0.0
4,14,1,1,1.0
117,22,1,2,0.5
110,13,0,1,0.0
222,30,1,2,0.5
67,39,1,1,1.0
150,111,1,2,0.5
37,267,0,1,0.0
498,62,1,1,1.0
75,117,1,1,1.0
202,238,0,1,0.0
34,12,0,1,0.0
106,432,1,1,1.0
203,427,0,1,0.0
112,117,1,1,1.0
119,51,1,1,1.0
105,117,1,1,1.0
69,53,1,3,0.3333333333333333
2,134,0,1,0.0
117,267,1,1,1.0
134,43,0,1,0.0
81,86,0,3,0.0
412,17,0,1,0.0
17,14,1,1,1.0
37,117,0,1,0.0
110,39,1,2,0.5
45,111,2,2,1.0
21,82,0,1,0.0
119,429,0,1,0.0
104,81,0,1,0.0
4,45,0,2,0.0
82,25,1,3,0.3333333333333333
6,26,1,1,1.0
429,157,2,2,1.0
222,75,1,3,0.3333333333333333
157,99,1,3,0.3333333333333333
69,12,0,1,0.0
1,37,3,4,0.75
22,72,1,3,0.3333333333333333
119,19,1,1,1.0
15,92,0,2,0.0
4,17,0,1,0.0
203,26,0,1,0.0
103,7,0,1,0.0
236,96,0,1,0.0
498,266,0,1,0.0
157,17,1,3,0.3333333333333333
236,8,0,1,0.0
110,75,1,1,1.0
51,114,0,1,0.0
74,143,1,1,1.0
133,21,0,2,0.0
63,12,0,2,0.0
42,62,0,1,0.0
112,53,0,1,0.0
245,201,1,1,1.0
91,57,0,1,0.0
45,64,0,1,0.0
17,35,0,1,0.0
29,41,1,2,0.5
202,55,0,1,0.0
99,432,1,1,1.0
81,38,1,1,1.0
10,117,2,2,1.0
68,412,0,1,0.0
4,61,1,1,1.0
143,110,0,1,0.0
74,267,0,1,0.0
110,50,2,3,0.6666666666666666
202,150,1,1,1.0
133,78,2,4,0.5
143,497,1,1,1.0
84,223,0,1,0.0
498,254,1,1,1.0
51,119,0,1,0.0
1,57,1,1,1.0
101,63,1,1,1.0
76,43,1,1,1.0
69,9,0,1,0.0
51,240,1,2,0.5
39,432,1,1,1.0
432,78,0,2,0.0
157,48,1,1,1.0
15,23,0,1,0.0
96,122,0,1,0.0
498,72,0,1,0.0
68,432,0,1,0.0
268,54,1,1,1.0
96,85,0,1,0.0
67,127,1,1,1.0
29,203,0,1,0.0
115,6,0,1,0.0
150,154,0,1,0.0
16,99,0,1,0.0
104,113,0,3,0.0
99,16,1,2,0.5
133,113,1,1,1.0
498,245,2,3,0.6666666666666666
29,236,1,1,1.0
31,20,0,1,0.0
21,58,0,1,0.0
43,89,0,2,0.0
236,121,0,1,0.0
120,497,0,1,0.0
67,429,1,2,0.5
22,5,0,1,0.0
22,62,0,2,0.0
110,112,0,1,0.0
55,98,1,1,1.0
133,62,1,1,1.0
134,154,1,1,1.0
412,432,0,1,0.0
18,38,1,2,0.5
107,16,1,2,0.5
126,111,0,1,0.0
81,23,0,1,0.0
17,498,1,1,1.0
104,80,1,2,0.5
112,412,0,1,0.0
412,99,1,1,1.0
103,115,0,1,0.0
110,27,0,1,0.0
110,4,1,1,1.0
104,61,3,3,1.0
10,63,1,2,0.5
10,267,1,1,1.0
498,121,1,1,1.0
104,10,0,3,0.0
236,421,1,1,1.0
103,35,0,1,0.0
117,161,1,2,0.5
21,429,0,1,0.0
7,412,2,4,0.5
126,117,0,1,0.0
5,63,0,1,0.0
81,114,1,1,1.0
21,69,2,3,0.6666666666666666
42,427,0,1,0.0
4,31,0,1,0.0
6,83,0,1,0.0
99,89,1,2,0.5
67,68,1,3,0.3333333333333333
202,60,0,2,0.0
51,102,0,2,0.0
6,12,0,3,0.0
21,68,0,1,0.0
22,114,1,1,1.0
63,161,1,1,1.0
81,240,0,1,0.0
61,32,1,1,1.0
29,105,0,3,0.0
429,127,0,1,0.0
104,34,1,1,1.0
81,498,0,2,0.0
103,53,1,1,1.0
84,53,1,2,0.5
63,22,0,1,0.0
412,9,1,1,1.0
6,17,1,1,1.0
11,164,1,1,1.0
12,53,0,1,0.0
203,35,0,1,0.0
150,25,0,1,0.0
51,236,1,2,0.5
22,127,2,2,1.0
498,69,0,2,0.0
23,412,0,1,0.0
133,79,0,1,0.0
15,51,1,1,1.0
157,61,1,1,1.0
103,117,0,1,0.0
6,45,1,1,1.0
96,222,0,1,0.0
498,240,1,1,1.0
96,74,0,1,0.0
245,143,0,1,0.0
161,427,0,1,0.0
92,64,0,1,0.0
126,201,1,1,1.0
29,32,2,5,0.4
99,40,0,1,0.0
76,99,1,1,1.0
22,83,0,1,0.0
115,61,1,1,1.0
21,72,0,1,0.0
40,53,0,1,0.0
412,111,1,1,1.0
432,201,2,2,1.0
11,40,1,1,1.0
36,15,0,1,0.0
6,72,0,1,0.0
74,497,1,1,1.0
497,17,1,1,1.0
56,25,0,1,0.0
115,136,0,1,0.0
110,41,1,2,0.5
110,238,1,1,1.0
131,89,1,1,1.0
4,9,1,1,1.0
15,238,1,1,1.0
236,240,0,1,0.0
8,412,0,1,0.0
25,99,0,1,0.0
22,240,0,1,0.0
240,201,0,1,0.0
222,28,0,1,0.0
115,163,1,1,1.0
37,53,1,2,0.5
202,84,1,2,0.5
42,45,0,2,0.0
202,127,1,1,1.0
81,77,1,1,1.0
104,48,0,2,0.0
62,37,1,1,1.0
82,63,0,1,0.0
18,127,1,2,0.5
18,103,1,1,1.0
15,32,1,2,0.5
42,41,0,1,0.0
42,268,0,1,0.0
104,107,1,2,0.5
76,412,1,1,1.0
42,22,1,1,1.0
45,201,2,2,1.0
15,112,1,1,1.0
236,82,1,1,1.0
37,21,0,1,0.0
110,15,0,1,0.0
4,21,0,1,0.0
119,84,0,1,0.0
202,240,0,1,0.0
15,19,1,1,1.0
21,55,1,1,1.0
18,77,1,1,1.0
112,43,2,2,1.0
42,80,0,1,0.0
22,238,0,1,0.0
40,267,1,1,1.0
104,32,1,1,1.0
80,89,0,1,0.0
126,1,0,2,0.0
69,427,0,1,0.0
48,89,1,1,1.0
1,44,1,1,1.0
79,44,0,1,0.0
429,60,1,3,0.3333333333333333
429,36,1,2,0.5
22,50,1,1,1.0
40,51,0,1,0.0
18,238,1,1,1.0
126,16,0,1,0.0
6,1,1,2,0.5
110,120,1,1,1.0
42,64,1,2,0.5
25,114,0,1,0.0
202,29,1,1,1.0
25,53,1,1,1.0
117,8,0,1,0.0
117,4,1,1,1.0
37,16,1,1,1.0
83,26,0,1,0.0
90,267,1,1,1.0
429,80,1,2,0.5
104,59,0,1,0.0
81,421,0,1,0.0
104,76,1,2,0.5
104,35,1,2,0.5
222,112,1,1,1.0
42,76,0,1,0.0
76,37,1,1,1.0
9,412,1,1,1.0
57,44,1,1,1.0
127,201,0,1,0.0
5,62,1,1,1.0
84,57,1,1,1.0
22,107,0,1,0.0
133,54,1,1,1.0
104,13,0,1,0.0
18,39,0,1,0.0
104,22,1,1,1.0
420,161,0,1,0.0
238,412,1,2,0.5
268,25,1,1,1.0
429,7,0,2,0.0
18,6,1,1,1.0
122,12,0,1,0.0
107,40,1,1,1.0
42,55,0,1,0.0
236,60,1,1,1.0
15,131,0,1,0.0
429,41,0,2,0.0
42,7,0,1,0.0
80,25,0,1,0.0
69,89,1,1,1.0
41,63,1,2,0.5
238,98,1,1,1.0
110,7,0,1,0.0
96,115,3,4,0.75
81,56,0,1,0.0
31,143,0,1,0.0
432,103,0,1,0.0
112,45,0,1,0.0
55,53,1,1,1.0
412,37,0,1,0.0
67,245,0,1,0.0
4,154,0,1,0.0
203,223,0,1,0.0
161,57,1,1,1.0
18,236,0,1,0.0
21,112,2,2,1.0
67,112,1,1,1.0
432,37,1,1,1.0
3,59,0,1,0.0
17,32,0,1,0.0
161,117,0,1,0.0
498,238,0,1,0.0
161,63,1,1,1.0
119,23,0,1,0.0
164,3,1,1,1.0
104,31,1,2,0.5
78,34,1,1,1.0
236,18,1,2,0.5
432,223,0,1,0.0
99,236,0,1,0.0
62,117,1,1,1.0
41,267,0,1,0.0
44,15,0,1,0.0
238,99,0,1,0.0
161,36,1,1,1.0
245,117,0,1,0.0
35,57,0,1,0.0
74,33,0,1,0.0
103,57,1,1,1.0
74,51,0,1,0.0
22,136,0,1,0.0
498,91,0,1,0.0
28,497,1,1,1.0
157,83,1,1,1.0
81,112,0,1,0.0
412,81,1,2,0.5
35,53,1,1,1.0
82,28,1,1,1.0
64,432,0,1,0.0
110,105,0,2,0.0
81,6,0,1,0.0
150,99,1,1,1.0
91,202,1,1,1.0
25,117,1,1,1.0
15,55,1,3,0.3333333333333333
21,254,1,1,1.0
81,83,0,1,0.0
96,154,2,2,1.0
202,429,0,1,0.0
51,58,1,1,1.0
150,3,0,1,0.0
498,429,0,1,0.0
74,12,1,1,1.0
9,25,0,1,0.0
81,150,2,2,1.0
26,90,1,1,1.0
2,53,0,1,0.0
15,13,0,1,0.0
7,201,0,1,0.0
67,104,1,1,1.0
17,113,0,1,0.0
110,33,1,2,0.5
90,222,1,1,1.0
18,8,0,1,0.0
50,106,0,1,0.0
420,117,0,1,0.0
55,223,0,1,0.0
99,104,0,1,0.0
105,53,0,1,0.0
236,24,2,2,1.0
45,101,1,1,1.0
30,412,1,1,1.0
75,25,1,1,1.0
498,38,1,1,1.0
157,92,1,2,0.5
41,117,0,1,0.0
4,427,0,1,0.0
432,57,0,1,0.0
17,154,1,1,1.0
412,110,0,1,0.0
3,1,0,1,0.0
429,2,1,1,1.0
498,136,1,1,1.0
133,91,0,1,0.0
126,60,0,1,0.0
68,115,1,1,1.0
115,105,0,1,0.0
17,78,1,1,1.0
1,5,1,1,1.0
91,43,1,1,1.0
67,96,0,1,0.0
45,89,0,2,0.0
203,99,0,1,0.0
236,107,0,1,0.0
110,86,1,2,0.5
119,203,0,1,0.0
81,55,1,1,1.0
80,497,1,1,1.0
133,10,1,1,1.0
29,55,1,2,0.5
85,48,1,1,1.0
41,143,0,1,0.0
110,202,0,2,0.0
202,266,1,1,1.0
22,429,0,1,0.0
22,110,0,1,0.0
498,222,0,1,0.0
236,498,0,3,0.0
63,117,0,1,0.0
23,497,1,1,1.0
202,122,0,1,0.0
61,34,1,1,1.0
9,43,1,1,1.0
236,254,0,1,0.0
51,429,0,1,0.0
92,12,1,1,1.0
10,44,0,1,0.0
17,6,0,1,0.0
117,17,0,1,0.0
81,110,0,1,0.0
236,266,1,1,1.0
68,40,0,1,0.0
245,40,0,1,0.0
74,223,1,1,1.0
4,67,0,1,0.0
101,115,0,1,0.0
81,429,0,1,0.0
96,238,0,1,0.0
18,27,1,1,1.0
21,131,0,1,0.0
161,115,0,1,0.0
55,17,1,1,1.0
1,267,2,3,0.6666666666666666
67,202,1,1,1.0
51,67,0,1,0.0
21,24,1,3,0.3333333333333333
15,240,0,1,0.0
117,53,1,1,1.0
29,58,0,1,0.0
15,96,1,1,1.0
7,16,0,1,0.0
7,432,1,2,0.5
7,497,1,1,1.0
115,48,1,1,1.0
7,33,1,1,1.0
7,57,1,1,1.0
29,60,1,1,1.0
96,60,1,1,1.0
61,99,1,2,0.5
222,96,0,1,0.0
61,497,1,1,1.0
121,43,0,1,0.0
55,1,0,1,0.0
222,38,1,1,1.0
84,99,0,1,0.0
222,84,0,1,0.0
29,50,0,1,0.0
222,11,1,2,0.5
119,122,0,1,0.0
37,497,0,1,0.0
51,38,1,1,1.0
17,79,0,1,0.0
429,55,1,1,1.0
203,14,0,1,0.0
412,57,0,1,0.0
15,127,1,2,0.5
34,106,0,1,0.0
41,89,0,1,0.0
42,154,0,1,0.0
17,30,1,1,1.0
85,101,1,1,1.0
42,35,0,1,0.0
107,117,0,2,0.0
14,35,0,1,0.0
99,64,0,1,0.0
202,104,0,1,0.0
222,91,0,1,0.0
110,83,0,1,0.0
74,201,0,1,0.0
21,5,0,1,0.0
498,75,1,2,0.5
98,16,1,1,1.0
7,99,0,1,0.0
432,111,0,1,0.0
17,98,0,1,0.0
99,101,0,1,0.0
11,37,0,1,0.0
84,21,1,1,1.0
103,432,0,1,0.0
119,38,0,1,0.0
16,201,1,1,1.0
76,154,0,1,0.0
50,117,0,1,0.0
22,19,0,1,0.0
8,25,1,1,1.0
115,20,1,1,1.0
45,113,0,1,0.0
13,115,0,1,0.0
13,111,0,1,0.0
18,19,0,1,0.0
115,101,0,1,0.0
15,38,1,1,1.0
29,133,0,1,0.0
7,26,0,1,0.0
43,22,1,1,1.0
50,63,1,1,1.0
236,42,0,1,0.0
222,126,0,1,0.0
51,120,1,1,1.0
103,3,0,1,0.0
103,89,0,1,0.0
85,76,1,1,1.0
20,157,0,1,0.0
45,117,0,1,0.0
55,117,1,1,1.0
22,42,1,1,1.0
18,75,1,1,1.0
69,44,0,1,0.0
4,3,1,1,1.0
420,63,1,1,1.0
117,54,1,1,1.0
117,89,1,1,1.0
64,497,0,1,0.0
119,131,1,1,1.0
15,81,1,1,1.0
63,497,1,1,1.0
498,133,0,1,0.0
202,51,0,1,0.0
18,131,1,1,1.0
161,3,0,1,0.0
432,154,0,1,0.0
3,497,1,1,1.0
85,427,0,1,0.0
17,27,1,1,1.0
101,412,0,1,0.0
81,41,0,2,0.0
268,12,0,1,0.0
16,90,1,1,1.0
122,16,1,1,1.0
15,74,0,1,0.0
63,37,1,1,1.0
1,427,0,1,0.0
17,85,1,1,1.0
85,29,0,1,0.0
96,92,0,1,0.0
6,113,0,1,0.0
57,412,1,1,1.0
81,119,0,1,0.0
22,120,0,1,0.0
61,57,0,1,0.0
115,4,1,1,1.0
119,112,1,1,1.0
63,201,1,1,1.0
498,120,1,1,1.0
85,164,1,1,1.0
115,39,0,1,0.0
42,60,0,1,0.0
74,45,0,1,0.0
112,16,0,1,0.0
41,432,1,1,1.0
115,98,0,1,0.0
61,164,0,1,0.0
111,201,0,1,0.0
114,40,1,1,1.0
11,54,0,1,0.0
18,11,0,1,0.0
113,32,0,1,0.0
203,44,0,1,0.0
13,99,1,1,1.0
15,5,0,1,0.0
15,427,1,1,1.0
29,102,0,1,0.0
64,223,0,1,0.0
42,20,1,1,1.0
15,69,1,1,1.0
18,112,0,1,0.0
110,91,0,1,0.0
76,25,0,1,0.0
25,21,0,1,0.0
203,40,1,1,1.0
133,48,1,1,1.0
